{
  "biomes": {
    "default": {
      "water_surface_color": "#7FD800",
      "water_surface_transparency": 0.65,
      "fog_identifier": "newb:fog_default",
      "remove_all_prior_fog": false,
      "inherit_from_prior_fog": false
    },
    "plains": {
      "water_surface_color": "#7FD800",
      "fog_identifier": "minecraft:fog_plains",
      "inherit_from_prior_fog": false
    },
    "sunflower_plains": {
      "water_surface_color": "#B2D800",
      "fog_identifier": "minecraft:fog_sunflower_plains",
      "inherit_from_prior_fog": false
    },
    "desert": {
      "water_surface_color": "#AAF900",
      "fog_identifier": "minecraft:fog_desert",
      "inherit_from_prior_fog": false
    },
    "extreme_hills": {
      "water_surface_color": "#99D800",
      "fog_identifier": "minecraft:fog_extreme_hills",
      "inherit_from_prior_fog": false
    },
    "forest": {
      "water_surface_color": "#7FD800",
      "fog_identifier": "minecraft:fog_forest",
      "inherit_from_prior_fog": false
    },
    "flower_forest": {
      "water_surface_color": "#99D800",
      "fog_identifier": "minecraft:fog_flower_forest",
      "inherit_from_prior_fog": false
    },
    "taiga": {
      "water_surface_color": "#99D800",
      "fog_identifier": "minecraft:fog_taiga",
      "inherit_from_prior_fog": false
    },
    "taiga_mutated": {
      "water_surface_color": "#7FD800",
      "fog_identifier": "minecraft:fog_taiga_mutated",
      "inherit_from_prior_fog": false
    },
    "swampland": {
      "water_surface_color": "#00D800",
      "water_surface_transparency": 0.94,
      "fog_identifier": "minecraft:fog_swampland",
      "inherit_from_prior_fog": false
    },
    "swampland_mutated": {
      "water_surface_color": "#0CD800",
      "water_surface_transparency": 0.94,
      "fog_identifier": "minecraft:fog_swampland_mutated",
      "inherit_from_prior_fog": false
    },
    "mangrove_swamp": {
      "water_surface_color": "#33D800",
      "fog_identifier": "minecraft:fog_mangrove_swamp",
      "inherit_from_prior_fog": false
    },
    "river": {
      "water_surface_color": "#8CD800",
      "fog_identifier": "minecraft:fog_river",
      "inherit_from_prior_fog": false
    },
    "hell": {
      "water_surface_color": "#4CD800",
      "fog_identifier": "minecraft:fog_hell",
      "inherit_from_prior_fog": false
    },
    "the_end": {
      "water_surface_color": "#FFE500",
      "fog_identifier": "newb:fog_the_end",
      "inherit_from_prior_fog": false
    },
    "frozen_river": {
      "water_surface_color": "#FFD800",
      "fog_identifier": "minecraft:fog_frozen_river",
      "inherit_from_prior_fog": false
    },
    "ice_plains": {
      "water_surface_color": "#FFD800",
      "fog_identifier": "minecraft:fog_ice_plains",
      "inherit_from_prior_fog": false
    },
    "ice_plains_spikes": {
      "water_surface_color": "#FFD800",
      "fog_identifier": "minecraft:fog_ice_plains_spikes",
      "inherit_from_prior_fog": false
    },
    "ice_mountains": {
      "water_surface_color": "#FFD800",
      "fog_identifier": "minecraft:fog_ice_mountains",
      "inherit_from_prior_fog": false
    },
    "mushroom_island": {
      "water_surface_color": "#66AA00",
      "fog_identifier": "minecraft:fog_mushroom_island",
      "inherit_from_prior_fog": false
    },
    "mushroom_island_shore": {
      "water_surface_color": "#3FD800",
      "fog_identifier": "minecraft:fog_mushroom_island_shore",
      "inherit_from_prior_fog": false
    },
    "beach": {
      "water_surface_color": "#FFF400",
      "fog_identifier": "minecraft:fog_beach",
      "inherit_from_prior_fog": false
    },
    "desert_hills": {
      "water_surface_color": "#FFD800",
      "fog_identifier": "minecraft:fog_desert_hills",
      "inherit_from_prior_fog": false
    },
    "forest_hills": {
      "water_surface_color": "#7FD800",
      "fog_identifier": "minecraft:fog_forest_hills",
      "inherit_from_prior_fog": false
    },
    "taiga_hills": {
      "water_surface_color": "#7FD800",
      "fog_identifier": "minecraft:fog_taiga_hills",
      "inherit_from_prior_fog": false
    },
    "extreme_hills_edge": {
      "water_surface_color": "#7FD800",
      "fog_identifier": "minecraft:fog_extreme_hills_edge",
      "inherit_from_prior_fog": false
    },
    "jungle": {
      "water_surface_color": "#66D800",
      "fog_identifier": "minecraft:fog_jungle",
      "inherit_from_prior_fog": false
    },
    "bamboo_jungle": {
      "water_surface_color": "#7FD800",
      "fog_identifier": "minecraft:fog_bamboo_jungle",
      "inherit_from_prior_fog": false
    },
    "jungle_mutated": {
      "water_surface_color": "#7FD800",
      "fog_identifier": "minecraft:fog_jungle_mutated",
      "inherit_from_prior_fog": false
    },
    "jungle_hills": {
      "water_surface_color": "#8ED800",
      "fog_identifier": "minecraft:fog_jungle_hills",
      "inherit_from_prior_fog": false
    },
    "bamboo_jungle_hills": {
      "water_surface_color": "#66D800",
      "fog_identifier": "minecraft:fog_bamboo_jungle_hills",
      "inherit_from_prior_fog": false
    },
    "jungle_edge": {
      "water_surface_color": "#4CD800",
      "fog_identifier": "minecraft:fog_jungle_edge",
      "inherit_from_prior_fog": false
    },
    "stone_beach": {
      "water_surface_color": "#A5D800",
      "fog_identifier": "minecraft:fog_stone_beach",
      "inherit_from_prior_fog": false
    },
    "cold_beach": {
      "water_surface_color": "#AAD800",
      "fog_identifier": "minecraft:fog_cold_beach",
      "inherit_from_prior_fog": false
    },
    "birch_forest": {
      "water_surface_color": "#7FD800",
      "fog_identifier": "minecraft:fog_birch_forest",
      "inherit_from_prior_fog": false
    },
    "birch_forest_hills": {
      "water_surface_color": "#7FD800",
      "fog_identifier": "minecraft:fog_birch_forest_hills",
      "inherit_from_prior_fog": false
    },
    "roofed_forest": {
      "water_surface_color": "#7FD800",
      "fog_identifier": "minecraft:fog_roofed_forest",
      "inherit_from_prior_fog": false
    },
    "cold_taiga": {
      "water_surface_color": "#AAD800",
      "fog_identifier": "minecraft:fog_cold_taiga",
      "inherit_from_prior_fog": false
    },
    "cold_taiga_mutated": {
      "water_surface_color": "#AAD800",
      "fog_identifier": "minecraft:fog_cold_taiga_mutated",
      "inherit_from_prior_fog": false
    },
    "cold_taiga_hills": {
      "water_surface_color": "#AAD800",
      "fog_identifier": "minecraft:fog_cold_taiga_hills",
      "inherit_from_prior_fog": false
    },
    "mega_taiga": {
      "water_surface_color": "#7FD800",
      "fog_identifier": "minecraft:fog_mega_taiga",
      "inherit_from_prior_fog": false
    },
    "mega_spruce_taiga": {
      "water_surface_color": "#7FD800",
      "fog_identifier": "minecraft:fog_mega_spruce_taiga",
      "inherit_from_prior_fog": false
    },
    "mega_taiga_mutated": {
      "water_surface_color": "#7FD800",
      "fog_identifier": "minecraft:fog_mega_taiga_mutated",
      "inherit_from_prior_fog": false
    },
    "mega_spruce_taiga_mutated": {
      "water_surface_color": "#7FD800",
      "fog_identifier": "minecraft:fog_mega_spruce_taiga_mutated",
      "inherit_from_prior_fog": false
    },
    "mega_taiga_hills": {
      "water_surface_color": "#7FD800",
      "fog_identifier": "minecraft:fog_mega_taiga_hills",
      "inherit_from_prior_fog": false
    },
    "extreme_hills_plus_trees": {
      "water_surface_color": "#7FD800",
      "fog_identifier": "minecraft:fog_extreme_hills_plus_trees",
      "inherit_from_prior_fog": false
    },
    "extreme_hills_plus_trees_mutated": {
      "water_surface_color": "#99D800",
      "fog_identifier": "minecraft:fog_extreme_hills_plus_trees_mutated",
      "inherit_from_prior_fog": false
    },
    "extreme_hills_mutated": {
      "water_surface_color": "#66D800",
      "fog_identifier": "minecraft:fog_extreme_hills_mutated",
      "inherit_from_prior_fog": false
    },
    "savanna": {
      "water_surface_color": "#75D800",
      "fog_identifier": "minecraft:fog_savanna",
      "inherit_from_prior_fog": false
    },
    "savanna_plateau": {
      "water_surface_color": "#72D800",
      "fog_identifier": "minecraft:fog_savanna_plateau",
      "inherit_from_prior_fog": false
    },
    "savanna_mutated": {
      "water_surface_color": "#66D800",
      "fog_identifier": "minecraft:fog_savanna_mutated",
      "inherit_from_prior_fog": false
    },
    "mesa": {
      "water_surface_color": "#B2D800",
      "fog_identifier": "minecraft:fog_mesa",
      "inherit_from_prior_fog": false
    },
    "mesa_bryce": {
      "water_surface_color": "#7FD800",
      "fog_identifier": "minecraft:fog_mesa_bryce",
      "inherit_from_prior_fog": false
    },
    "mesa_mutated": {
      "water_surface_color": "#7FD800",
      "fog_identifier": "minecraft:fog_mesa_mutated",
      "inherit_from_prior_fog": false
    },
    "mesa_plateau_stone": {
      "water_surface_color": "#99D800",
      "fog_identifier": "minecraft:fog_mesa_plateau_stone",
      "inherit_from_prior_fog": false
    },
    "mesa_plateau": {
      "water_surface_color": "#8CD800",
      "fog_identifier": "minecraft:fog_mesa_plateau",
      "inherit_from_prior_fog": false
    },
    "ocean": {
      "water_surface_color": "#FFD800",
      "fog_identifier": "minecraft:fog_ocean",
      "inherit_from_prior_fog": false
    },
    "deep_ocean": {
      "water_surface_color": "#FFAA00",
      "fog_identifier": "minecraft:fog_deep_ocean",
      "inherit_from_prior_fog": false
    },
    "warm_ocean": {
      "water_surface_color": "#FFD800",
      "water_surface_transparency": 0.55,
      "fog_identifier": "minecraft:fog_warm_ocean",
      "inherit_from_prior_fog": false
    },
    "deep_warm_ocean": {
      "water_surface_color": "#FFD800",
      "fog_identifier": "minecraft:fog_deep_warm_ocean",
      "inherit_from_prior_fog": false
    },
    "lukewarm_ocean": {
      "water_surface_color": "#E5D800",
      "fog_identifier": "minecraft:fog_lukewarm_ocean",
      "inherit_from_prior_fog": false
    },
    "deep_lukewarm_ocean": {
      "water_surface_color": "#FFD800",
      "fog_identifier": "minecraft:fog_deep_lukewarm_ocean",
      "inherit_from_prior_fog": false
    },
    "cold_ocean": {
      "water_surface_color": "#FFD800",
      "fog_identifier": "minecraft:fog_cold_ocean",
      "inherit_from_prior_fog": false
    },
    "deep_cold_ocean": {
      "water_surface_color": "#FFAA00",
      "fog_identifier": "minecraft:fog_deep_cold_ocean",
      "inherit_from_prior_fog": false
    },
    "frozen_ocean": {
      "water_surface_color": "#FFD800",
      "fog_identifier": "minecraft:fog_frozen_ocean",
      "inherit_from_prior_fog": false
    },
    "deep_frozen_ocean": {
      "water_surface_color": "#FFD800",
      "fog_identifier": "minecraft:fog_deep_frozen_ocean",
      "inherit_from_prior_fog": false
    },
    "warped_forest": {
      "water_surface_color": "#7FD800",
      "fog_identifier": "minecraft:fog_warped_forest",
      "inherit_from_prior_fog": false
    },
    "crimson_forest": {
      "water_surface_color": "#7FD800",
      "fog_identifier": "minecraft:fog_crimson_forest",
      "inherit_from_prior_fog": false
    },
    "soulsand_valley": {
      "water_surface_color": "#CCD800",
      "fog_identifier": "minecraft:fog_soulsand_valley",
      "inherit_from_prior_fog": false
    },
    "basalt_deltas": {
      "water_surface_color": "#7FD800",
      "fog_identifier": "minecraft:fog_basalt_deltas",
      "inherit_from_prior_fog": false
    },
    "cherry_grove": {
      "water_surface_color": "#7FD800",
      "fog_identifier": "minecraft:fog_cherry_grove",
      "inherit_from_prior_fog": false
    }
  }
}